{"accuracy": [0.5845792889595032, 0.860046923160553, 0.9168362021446228, 0.9424283504486084, 0.9566398859024048, 0.9664129614830017, 0.9712497591972351, 0.9761434197425842, 0.9800981283187866, 0.9813215732574463], "loss": [1.4154109954833984, 0.4384285509586334, 0.2570866346359253, 0.17599351704120636, 0.13037513196468353, 0.10338692367076874, 0.08480726927518845, 0.07440173625946045, 0.06117110699415207, 0.05697561427950859], "val_accuracy": [0.8578420281410217, 0.9104825854301453, 0.9369451403617859, 0.939847469329834, 0.9263601303100586, 0.9603915214538574, 0.955895721912384, 0.9745048880577087, 0.9597655534744263, 0.9700660109519958], "val_loss": [0.46730494499206543, 0.2788599133491516, 0.18999892473220825, 0.18616747856140137, 0.23424814641475677, 0.13533805310726166, 0.14416399598121643, 0.08569535613059998, 0.13894428312778473, 0.10820093750953674]}